﻿<?xml version="1.0" encoding="utf-8"?>
<DacOrigin xmlns="http://schemas.microsoft.com/sqlserver/dac/Serialization/2012/02">
  <PackageProperties>
    <Version>3.0.0.0</Version>
    <ContainsExportedData>false</ContainsExportedData>
    <StreamVersions>
      <Version StreamName="Data">2.0.0.0</Version>
      <Version StreamName="DeploymentContributors">1.0.0.0</Version>
    </StreamVersions>
  </PackageProperties>
  <Operation>
    <Identity>3b524b5c-17ce-4ad7-8c14-063d5def168d</Identity>
    <Start>2022-04-20T21:50:31.9110407-05:00</Start>
    <End>2022-04-20T21:50:34.2449336-05:00</End>
    <ProductName>Microsoft.Data.Tools.Schema.Tasks.Sql, Version=16.0.0.0, Culture=neutral, PublicKeyToken=b03f5f7f11d50a3a</ProductName>
    <ProductVersion>16.0.62201.17140</ProductVersion>
    <ProductSchema>http://schemas.microsoft.com/sqlserver/dac/Serialization/2012/02</ProductSchema>
  </Operation>
  <Checksums>
    <Checksum Uri="/model.xml">043BBE3D2272BDE04E7374CE8DD6EBB7ED990FD7925378F23537F4D86F412E5E</Checksum>
  </Checksums>
  <ModelSchemaVersion>2.9</ModelSchemaVersion>
</DacOrigin>